{
  "spectrogram_png": "sub05.png",
  "t_start_utc_hours": 17.0,
  "t_end_utc_hours": 21.0,
  "doppler_lo_hz": -5.0,
  "doppler_hi_hz": 5.0,
  "dpi": 60,
  "plot_fraction": [
    0.04618055555555556,
    0.8383888888888889,
    0.09712962962962968,
    0.9377777777777778
  ],
  "date_utc": "2026-01-19",
  "_note": "Generated by drf_spectrogram.py for use with tid_spect_click.py"
}