{
  "station": "AC0G_ND",
  "spectrogram_png": "ac0g_nd_tid_zoom_clean.png",
  "n_clicks": 4,
  "seed_clicks": [
    {
      "t_hours": 0.651540704217815,
      "doppler_hz": -0.03789914189852883
    },
    {
      "t_hours": 0.7907636468470144,
      "doppler_hz": 0.38640796535537447
    },
    {
      "t_hours": 0.9473894573048638,
      "doppler_hz": 0.7088813668683418
    },
    {
      "t_hours": 1.0561573812339258,
      "doppler_hz": 0.3694356810652186
    }
  ]
}
