{
  "station": "W7LUX",
  "spectrogram_png": "w7lux_tid_zoom_clean.png",
  "n_clicks": 4,
  "seed_clicks": [
    {
      "t_hours": 0.9546091681979161,
      "doppler_hz": -0.49615081773274294
    },
    {
      "t_hours": 1.052283972418702,
      "doppler_hz": 0.013017710971941376
    },
    {
      "t_hours": 1.182517044713083,
      "doppler_hz": 0.7088813668683427
    },
    {
      "t_hours": 1.24980413206518,
      "doppler_hz": 0.5731030925470932
    }
  ]
}
